Slope;Y-intercept
-1.1667313170930151;3.5547208183659467